Bid Number,Item,Qunatity Required,Start Date,Start Time,End Date,End Time
GEM/2019/B/250162,Firewall,1,Ministry Of Defence Department Of Defence Lucknow N/a,05-06-2019,12:53 PM,13-06-2019
GEM/2019/B/250165,Line Intractive UPS With AVR,35,Ministry Of Defence Department Of Defence Lucknow N/a,05-06-2019,01:06 PM,13-06-2019
GEM/2019/B/250171,Air Conditioner,1,Ministry Of Defence Department Of Defence Air Force Station Vadsar N/a,05-06-2019,01:12 PM,13-06-2019
GEM/2019/B/249248,Sanitary Napkins Vending Machines,3,"Ministry Of Civil Aviation Airports Authority Of India (aai) Airports Authority Of India, Porbandar N/a",04-06-2019,12:34 PM,13-06-2019
GEM/2019/B/250187,Cotton Stockinette,1200,Ministry Of Defence Department Of Defence Air Force Station Sarsawa N/a,05-06-2019,01:45 PM,13-06-2019
GEM/2019/B/240463,Hot And Cold Air Conditioners,1,Ministry Of Defence Indian Army Pune Indian Army Pioneer Corps,23-05-2019,09:28 PM,13-06-2019
GEM/2019/B/246269,Laptop-Notebook,26,Madhya Pradesh Technical Education And Man Power Planning Department Madhya Pradesh Indira Gandhi Engineering College Sagar Mp Directorate Of Technical Education Government Of Madhya Pradesh Bhopal,31-05-2019,07:09 AM,13-06-2019
GEM/2019/B/248829,Plastic Moulded Chair,165,Bihar Urban Development & Housing Department Bihar Nagar Parishad Lakhisari Urban Development And Housing Department,04-06-2019,01:43 PM,13-06-2019
GEM/2019/B/249304,Sanitary Napkins Incinetator Machine With Smoke Control Unit,3,"Ministry Of Civil Aviation Airports Authority Of India (aai) Airports Authority Of India, Porbandar N/a",04-06-2019,12:51 PM,13-06-2019
GEM/2019/B/230983,Lead Acid Battery,15,Ministry Of Communications Department Of Posts Office Of The Chief Postmaster General Tamilnadu Circle Chennai 600002 Tamil Nadu Postal Circle Department Of Posts,10-05-2019,09:54 AM,13-06-2019
